ticker,polarity,subjectivity,body,id
AAPL,0.3,0.2,"Fun fact: Holding for half a year or longer really pays off. If you bought AAPL shares on August 25th you're now up a whopping 0.02% üòé

Source: I bought AAPL shares on August 25th.",gymd6eo
UWMC,0.0,0.0,Beep boop UWMC üíéüôåüöÄüöÄüöÄüöÄ,gymf6ey
TSLA,0.0,0.0,"Imagine waking up this morning thinking that the pain was finally over.   
Imagine having TSLA calls expiring this week.   
Imagine being me ü§°",gym4fti
COIN,0.0,0.0,Imagine being a retard that bought COIN at + $400ü§°,gym8xge
GME,-0.7142857142857143,0.8571428571428571,"Everyone please keep my brother in your thoughts and prayers.

He‚Äôs not sick or anything, he just has GME $250 calls.",gynlikt
AAPL,0.0,0.0,"AAPL

The original GUH",gylzhjo
COIN,0.0,0.0,Cathies gonna own COIN if she keeps averaging down,gym0voe
COIN,0.0,0.0,"So Cathie really sold AAPL in order to *checks notes* buy COIN at the top and buy the PLTR dip...k, got it 

This is what I get for buying an ETF operated by a person who makes stock-picking decisions that even I, a retard, find retarded",gymiey1
AAPL,0.0,0.0,"So Cathie really sold AAPL in order to *checks notes* buy COIN at the top and buy the PLTR dip...k, got it 

This is what I get for buying an ETF operated by a person who makes stock-picking decisions that even I, a retard, find retarded",gymiey1
PLTR,0.0,0.0,"So Cathie really sold AAPL in order to *checks notes* buy COIN at the top and buy the PLTR dip...k, got it 

This is what I get for buying an ETF operated by a person who makes stock-picking decisions that even I, a retard, find retarded",gymiey1
AMC,0.0,0.0,"I am completely overleveraged in AMC puts for 2023 

Someone convince me that it goes down ü§°",gymih0y
WOW,0.0,0.0,"HOLY LEE FUK STAT

NOBODY WHO BOUGHT COIN$ AT IPO HAS MADE PROFIT 

NOBODY!! ü•∫üòüüò≥üò∞

ALL EQUEL = BAG HOLDERS!!!

WOW WHAT HORROR 

#THE COINJURING",gymcngf
LEE,0.0,0.0,"HOLY LEE FUK STAT

NOBODY WHO BOUGHT COIN$ AT IPO HAS MADE PROFIT 

NOBODY!! ü•∫üòüüò≥üò∞

ALL EQUEL = BAG HOLDERS!!!

WOW WHAT HORROR 

#THE COINJURING",gymcngf
RIOT,-0.3333333333333333,0.6,I actually fucking hate RIOT the only thing this shit operates in is fucking tanking and I already knows it‚Äôs gonna fly tomorrow absolutely retarded,gym34nm
TSLA,0.0,0.0,"According to ancient legends, TSLA will finally stop drilling the day that nobody mentions it on WSB

In other words, shits going to 0 and getting delisted lol",gym61u2
PLTR,0.7,0.6000000000000001,#GOOD DAY FOR $PLTR NATION.ü§ëü§ëü§ë,gym0hqu
PSA,0.0,0.0,"PSA for those that apparently need it: up .5% for the day isn‚Äôt ‚Äúsqueezing‚Äù.

The more you know.",gymiasz
MSFT,0.6,1.0,"‚ÄúDoes nobody remember the 90s when MSFT would partner with companies, steal their IP, and then drag the lawsuits out until the other company went bankrupt?‚Äù 

Jesus, that‚Äôs fucked. Bill Microsoft always been a fake nice guy.",gynkith
IRL,0.0,0.0,"I hope I never meet someone IRL who posts about ""fucking hoes"" in WSB threads...",gymn51c
PLTR,0.2,0.8,Idk how to feel. All my positions are doing terribly. But PLTR is gently patting me on the penis and telling me everything's going to be okay,gymnq7c
TSLA,0.0,0.0,"Tuesday Options Volumes:  
  
**$TSLA 1186K (59% call 41% put)**  
**$QQQ 964K (37% call 63% put)**  
$T 787K (61% call 39% put)  
**$AMC 609K (70% call 30% put)**  
**$AAPL 562K (63% call 37% put)**  
**$PLTR 483K (72% call 28% put)**  
$IWM 421K (35% call 65% put)  
$EEM 387K (79% call 21% put)  
$F 370K (85% call 15% put)  
$SLV 361K (82% call 18% put)  
**$NIO 335K (71% call 29% put)**  
$AAL 334K (67% call 33% put)  
$MSFT 310K (78% call 22% put)  
$WFC 285K (52% call 48% put)  
$AMZN 246K (59% call 41% put)  
$WMT 235K (65% call 35% put)  
$FXI 234K (63% call 37% put)",gymt3nc
ATH,-0.25,0.4,Now comes the part where people panic over a small dip in futures after we retard rallied to ATH for a month straight,gymwf9c
GME,0.0,0.0,If GME is down then market will be up,gym74b7
TA,0.0,0.0,Cramer doing TA on the VIX lmao,gymjuu6
U,-0.21875,0.625,U guys know aliens are here on earth right? Something just fell off the roof of my barn and it looked like a retarded little green alien,gymx05u
NKLA,0.13636363636363635,0.45454545454545453,have you guys heard of this hot new EV stock NKLA,gymxhxm
EV,0.13636363636363635,0.45454545454545453,have you guys heard of this hot new EV stock NKLA,gymxhxm
GF,0.0,0.0,My GF says she‚Äôd love me even if I was broke. I guess we‚Äôre about to find out if she‚Äôs lying. üòå,gyn19aq
DIS,0.0,0.0,DIS is gonna trade flat for the next 4 months and my leaps are going to bleed the fuck out,gym2af7
PLTR,0.0,0.0,UWMC and PLTR are going again tomorrow.,gym3x14
UWMC,0.0,0.0,UWMC and PLTR are going again tomorrow.,gym3x14
T,0.0,0.0,Don't forget to pour one out for the boomers that lost their T dividend today.,gymvcn8
AAPL,0.0,0.0,Accidentally bought AAPL Total Landscaping,gymv9d4
UWMC,0.0,0.0,Checking if my UWMC buy at close was a good move or not.,gym1n2j
TSLA,0.0,0.0,"ARKK keeps adding TSLA every time the weighting goes below 10 lol. Cathie knows TSLA made her , so she can't let go.",gync4nh
TSLA,0.0,0.0,Reverse split TSLA back to 1600. Problem solved.,gynkn1b
PLTR,0.0,0.0,PLTR FD puts are printing at 9:30a tomorrow. I seriously hope you guys didn‚Äôt forget to buy some before close,gym0d7j
TTWO,-0.45,0.65,"Imagine smashing earnings because you‚Äôre still milking a game you released in 2013. 

TTWO are a bunch of jackasses.",gym61r9
GME,0.0,0.0,So GME needs to fall to 150 for SPY to inverse back to 416üò©üò©üò©üò©ü§°ü§°ü§°ü§°,gym9m9u
AMZN,-0.1,0.45,Holy shit i actually closed AMZN at the top today,gymhf2q
ROPE,0.0,0.0,Long $ROPE will be the number one mentioned stock on WSB tomorrow,gymi1vt
SQ,0.0,0.0,Got 3k fresh powder hitting tomorrow. What dip we buying? SQ looking kinda juicy,gyms2eg
AAPL,0.0,0.0,"Most Traded Contracts:  
  
 $AAPL May $127 Call  
 $AMC May $14 Call  
 $TSLA May $600 Call  
 $BP July $23 Put  
 $NIO May $34 Call  
 $AMC May $15 Call  
 $AAL May $24 Call  
 $BP July $29 Call  
 $T May $30 Call  
 $WFC May $40 Call  
 $AAL December $20 Put",gymt5nu
GOOGL,-0.2375,0.5575,These 13Fs are dumb as fuck. Buffet is like daytrading basically. Everyone suddenly decided to go long oil cuz maybe they wont all be bankrupt in 10 years. I mean its just sad. Some people actually sold GOOGL for stocks that have a shelf life of 2-3 months. Its like bro....u seriously think people are gonna pay 100k over ask on a house forever??? Literally cheaper to make a house outta gold than lumber.,gymy13k
UWMC,0.0,0.0,UWMC short borrow fee 87%. Sidney Crosby 87. Bullish on United Wholesale Methodist Church. üôè,gymyxzw
AAPL,0.0,0.125,"The absolute gangbang of AAPL has been distributing. It‚Äôs relentless, shocking and comical at the same time.",gyn1vxr
TSLA,0.0,0.0,"Went for it thismorning. Bought 4 otm puts on TSLA when I saw it tanking. Trying to recoup previous loses, and what happened immediately after I hit ""buy""? Anyone? Anyone? lol",gyn2673
AAPL,0.0,0.0,I bought the 4 pack of Airtags so don‚Äôt blame me for your AAPL GUHs,gyn26kh
PLTR,0.0,0.0,If red days are what it takes for PLTR to go up then I'm ok with this,gyn7wr4
AMC,0.0,0.0,"I might have sold my AMC, earning some tendies but I still got love for AMC gang.",gyn83jk
TSLA,0.0,0.0,Of course Cathie adds more $TSLA,gynbnrl
SQ,0.43333333333333335,0.8333333333333334,SQ MARA RIOT easily down 15% at open,gynelmd
MARA,0.43333333333333335,0.8333333333333334,SQ MARA RIOT easily down 15% at open,gynelmd
RIOT,0.43333333333333335,0.8333333333333334,SQ MARA RIOT easily down 15% at open,gynelmd
PLTR,0.0,0.0,PLTR heading to $22 by EOY üòé,gynlpwz
AAPL,0.0,0.0,Loaded up on AAPL calls EoD. I‚Äôm ready to be hurt,gym0ch0
AMD,-0.07142857142857142,0.21428571428571427,Mama su bae I promise to study really hard if AMD can just have a single 1% green day uwu,gym1yuu
AAPL,0.0,0.06666666666666667,AAPL liquidating after hours. That last half hour wasn't enough.,gym2o46
AAPL,0.0,0.0,What‚Äôs the deal with AAPL,gym8f4y
TSLA,0.0,0.0,TSLA hasn‚Äôt had more than 4 red weeks in a row since Feb 19,gympi45
PLTR,0.0,0.0,PLTR bag holder checking in.  Up three days in a row?  Hold me WSB I'm scared.  I think we might be leaving for the moon and I forgot to pack my toothbrush.,gymrte2
BB,0.0,0.0,BB,gyn1fbn
BNGO,0.0,0.0,BNGO tendies are delicious with BBQ sauce üòéü§ëüöÄ,gyn4nbp
BBQ,0.0,0.0,BNGO tendies are delicious with BBQ sauce üòéü§ëüöÄ,gyn4nbp
TECH,0.5859375,0.75,"BULLISH TECH BULL MARKET UNTIL 2028

STAY IN THE MARKET & GET RICH BOYS!!",gynhq4r
STAY,0.5859375,0.75,"BULLISH TECH BULL MARKET UNTIL 2028

STAY IN THE MARKET & GET RICH BOYS!!",gynhq4r
TSLA,0.0,0.0,There is zero chance that TSLA makes a low that is not a lowered low on the daily.,gynlash
RIOT,0.0,0.0,"RIP COIN, MARA, RIOT bagholders",gynm5mm
MVIS,-0.17410714285714285,0.4223214285714286,"Since MVIS 2 or 3 months ago, I haven't seen a single good yolo DD here. 

And by good I don't mean something that turned out to be profitable - AMC/GME broken watches are right once every month.

I mean something that was actually DD.

Shit, don't make me look for stocks myself guys.",gymibpt
LAND,0.0,0.05,"##IM GONNA DIP MY WIENER IN SUGAR WATER,  THEN GO OUTSIDE AND LET BUTTERFLIES LAND ON IT!!!!! ü¶ãü¶ãü¶ãü¶ãü¶ã",gynag54
GME,0.0,0.0,GME üöÄü§ë,gylzn64
TEAM,0.0,0.0,DRILL TEAM 6,gylzr28
PLTR,0.0,0.0,PLTR,gym01d5
GME,0.0,0.1,Heard some twitch thot amouranth makes half a million a year. Are dudes who donated retarded? You get way better value proposition with an actual whore or GME FD calls!,gym87po
AMD,0.0,0.0,Are there any AMD long term bulls here?,gym9p7g
U,0.0642857142857143,0.20714285714285713,U know ur fcked when u start searching up how much a stock can rise in a single day,gymb0pu
AAPL,0.0,0.0,AAPL ruined all my gains once again.,gymb4zz
UWMC,0.0,0.0,Is UWMC growth play or dividend?,gymdgb0
FB,0.2,0.1,"Google wants to make android about security and not be known for selling your data anymore. 

If you own FB the red flags are all around you. Get the fuck out right now",gymyfi8
TSLA,0.0,0.0,Aliens are bullish a‚Äôf. Maybe they‚Äôll confirm that Elon is from another planet. I expect a run up on TSLA up until pentagon report coming out EOM.,gymzfj8
AAPL,0.0,0.0,"Imagine accidentally selling 145 AAPL calls when you meant to buy them

Neither strategy really makes sense though",gyn201u
COIN,0.0,0.45,I guess Cathie just wants to keep getting drilled by COIN since she buys that shit every day,gynd3dv
PM,0.16666666666666666,0.3333333333333333,"Dallas TX 

9:28 PM

71 degrees 

Malibu on the main stage then Bacardi

Edit 1 - that is really the strippers names",gyndd3l
TX,0.16666666666666666,0.3333333333333333,"Dallas TX 

9:28 PM

71 degrees 

Malibu on the main stage then Bacardi

Edit 1 - that is really the strippers names",gyndd3l
RIDE,0.0,0.0,"If $RIDE goes up another 20% tmr, I‚Äôll suck my own d*ck",gyndo0g
UWMC,0.16666666666666666,0.5833333333333334,"UWMC keeps rising at a steady pace. This wont be as sexy as some other stocks and likely won‚Äôt see such large and quick moons as other stocks mentioned here, but it‚Äôs almost certain to see a solid increase in the next weeks/months. Shares and a couple calls remains the move",gym7fg3
AMC,0.0,0.0,"The date is Jan 1 2022. AMC has fallen to $3 a share and still the coming short squeeze is being promised by the cult of AMC. ""It's happening shorts are being forced to cover"" they say as they have said for a year and yet no short squeeze in sight.

I wonder if I should wait another month for the short squeeze...?",gyn5mdl
PLTR,0.0,0.0,"PLTR hits $22.87...""only $0.64 till break even! This is a long term hold!"" exclaims the PLTaRd.

-WSB, ""Daily Discussion"", May 20, 2027.",gyncnci
LEG,0.0,0.0,"Before you listen to my tips, I do want to say I am a 26 year old virgin. This is for the boys:

1. Drink a gallon of water a day

2. Lift Weights. THAT MEANS LEG DAY TOO. 

3. Train yourself to take cold showers. Start of slow and work your way up, you can start hot but end cold.

4. Stop using social media.

5. Stop pursuing girls. Period. You only pursue when SHE shows interest and you‚Äôre interested as well. Besides that, block out all non-friend women in your life.

Edit. Getting a lot of comments regarding this is advice about women. This is general well-being/mental advice.",gynmxha
AAPL,0.0,0.0,Bought AAPL $127s at call of bell. Hope they print,gylzfol
RIDE,0.0,0.0,"after a 20% increase today and 12% yesterday, im going to watch $RIDE go the moon tomorrow üöÄ",gylzzcz
TSLA,0.0,0.0,"TSLA down on news it won't benefit from the Infrastructure bills (we were quite a few to tell you that)

https://twitter.com/ClaireMusk/status/1394683226317275138?s=20",gym0afl
MRNA,0.0,0.0,Got the 1sr MRNA vaccine yesterday and feel like death. Puts maybe.,gym2vg4
GE,0.203125,0.6375,"Why the fuck is $GE not getting the attention it deserves? Cut production cost by 35% and crickets..
Upgraded fair value.....crickets..
What am I missing??? 
Logo looks nice, the little graphy thing-a-mabob looks nice...",gym56wi
AAPL,-0.4571428571428572,0.8285714285714285,Tired of averaging down my AAPL calls. Sick of this shit.,gymafvi
PLUG,-0.6999999999999998,0.6666666666666666,"Asked for a bunch of EV recommendations...then bought in too early by like 2 weeks. 

Picked XL, CCIV, HYLN

Did not get QS, WKHS, RIDE

Also have PLUG and BLNK which should breakeven sometime in 20twenty-never.

A literal monkey throwing darts at a board would have a better pick rate. Try to tell me this world ain't rigged and we're not just inmates on a prison planet.",gymb5qj
BLNK,-0.6999999999999998,0.6666666666666666,"Asked for a bunch of EV recommendations...then bought in too early by like 2 weeks. 

Picked XL, CCIV, HYLN

Did not get QS, WKHS, RIDE

Also have PLUG and BLNK which should breakeven sometime in 20twenty-never.

A literal monkey throwing darts at a board would have a better pick rate. Try to tell me this world ain't rigged and we're not just inmates on a prison planet.",gymb5qj
EV,-0.6999999999999998,0.6666666666666666,"Asked for a bunch of EV recommendations...then bought in too early by like 2 weeks. 

Picked XL, CCIV, HYLN

Did not get QS, WKHS, RIDE

Also have PLUG and BLNK which should breakeven sometime in 20twenty-never.

A literal monkey throwing darts at a board would have a better pick rate. Try to tell me this world ain't rigged and we're not just inmates on a prison planet.",gymb5qj
HYLN,-0.6999999999999998,0.6666666666666666,"Asked for a bunch of EV recommendations...then bought in too early by like 2 weeks. 

Picked XL, CCIV, HYLN

Did not get QS, WKHS, RIDE

Also have PLUG and BLNK which should breakeven sometime in 20twenty-never.

A literal monkey throwing darts at a board would have a better pick rate. Try to tell me this world ain't rigged and we're not just inmates on a prison planet.",gymb5qj
PLTR,0.0,0.0,Everything down but PLTR 3 straight green day???,gymbes9
PLTR,0.0,0.0,How soon will PLTR reach 25?,gymdl6c
TSLA,0.0,0.0,Sold my TSLA put for a loss today fuck me,gymmmb4
PLUG,0.0,0.0,Puts on PLUG with this dude's background on zoom,gymnff2
PLUG,0.0,0.0,Butt PLUG power!!!!,gymnx47
UWMC,0.0,0.1,"I trust my UWMC shares and 7/16 calls

However, the overall market is making me nervous for my Friday calls big time",gymr5a8
ATH,0.0,0.0,Just start buying PLUG already. Won‚Äôt take long before it passes ATH again.,gymruh8
PLUG,0.0,0.0,Just start buying PLUG already. Won‚Äôt take long before it passes ATH again.,gymruh8
VIAC,0.0,0.0,Bill hwang gonna make VIAC rise up singing crunk ain‚Äôt deadü§™ü§™,gymxik1
JPM,0.0,0.0,"Imagine making more on JPM year to date than on NIO, TSLA, or PLUG. Oh wait, I don't have to imagine.

If you need me I'll be playing Quake 3.",gymzhaj
AAPL,0.3333333333333333,0.575,Selling AAPL cuz you think it‚Äôs overpriced is the same kind of retarded as buying AMC cuz it‚Äôs still kinda cheap.,gyn2xfd
AMC,0.3333333333333333,0.575,Selling AAPL cuz you think it‚Äôs overpriced is the same kind of retarded as buying AMC cuz it‚Äôs still kinda cheap.,gyn2xfd
